Medal count,NOC,Year,continent,country_iso,region
32,GER,1896,Europe,DEU,Germany
48,GRE,1896,Europe,GRC,Greece
5,AUT,1896,Europe,AUT,Austria
9,GBR,1896,Europe,GBR,UK
3,SUI,1896,Europe,CHE,Switzerland
20,USA,1896,Americas,USA,USA
6,HUN,1896,Europe,HUN,Hungary
6,DEN,1896,Europe,DNK,Denmark
3,AUS,1896,Oceania,AUS,Australia
11,FRA,1896,Europe,FRA,France
5,HUN,1900,Europe,HUN,Hungary
1,HAI,1900,Americas,HTI,Haiti
3,MEX,1900,Americas,MEX,Mexico
6,AUT,1900,Europe,AUT,Austria
21,SUI,1900,Europe,CHE,Switzerland
2,ESP,1900,Europe,ESP,Spain
1,NZL,1900,Oceania,NZL,New Zealand
108,GBR,1900,Europe,GBR,UK
4,SWE,1900,Europe,SWE,Sweden
9,NOR,1900,Europe,NOR,Norway
9,DEN,1900,Europe,DNK,Denmark
1,LUX,1900,Europe,LUX,Luxembourg
5,ITA,1900,Europe,ITA,Italy
2,IND,1900,Asia,IND,India
63,USA,1900,Americas,USA,USA
1,COL,1900,Americas,COL,Colombia
2,CAN,1900,Americas,CAN,Canada
43,BEL,1900,Europe,BEL,Belgium
235,FRA,1900,Europe,FRA,France
2,CUB,1900,Americas,CUB,Cuba
27,NED,1900,Europe,NLD,Netherlands
45,GER,1900,Europe,DEU,Germany
6,AUS,1900,Oceania,AUS,Australia
2,FRA,1904,Europe,FRA,France
16,GER,1904,Europe,DEU,Germany
48,CAN,1904,Americas,CAN,Canada
4,AUS,1904,Oceania,AUS,Australia
4,AUT,1904,Europe,AUT,Austria
2,GRE,1904,Europe,GRC,Greece
2,NOR,1904,Europe,NOR,Norway
5,CUB,1904,Americas,CUB,Cuba
3,SUI,1904,Europe,CHE,Switzerland
4,HUN,1904,Europe,HUN,Hungary
394,USA,1904,Americas,USA,USA
2,GBR,1904,Europe,GBR,UK
9,AUT,1906,Europe,AUT,Austria
102,GRE,1906,Europe,GRC,Greece
13,HUN,1906,Europe,HUN,Hungary
11,BEL,1906,Europe,BEL,Belgium
39,GBR,1906,Europe,GBR,UK
56,ITA,1906,Europe,ITA,Italy
30,GER,1906,Europe,DEU,Germany
64,FRA,1906,Europe,FRA,France
34,DEN,1906,Europe,DNK,Denmark
4,FIN,1906,Europe,FIN,Finland
24,USA,1906,Americas,USA,USA
2,CAN,1906,Americas,CAN,Canada
25,NOR,1906,Europe,NOR,Norway
6,NED,1906,Europe,NLD,Netherlands
3,AUS,1906,Oceania,AUS,Australia
21,SWE,1906,Europe,SWE,Sweden
12,SUI,1906,Europe,CHE,Switzerland
4,GRE,1908,Europe,GRC,Greece
33,BEL,1908,Europe,BEL,Belgium
20,HUN,1908,Europe,HUN,Hungary
42,NOR,1908,Europe,NOR,Norway
16,NED,1908,Europe,NLD,Netherlands
65,USA,1908,Americas,USA,USA
8,ITA,1908,Europe,ITA,Italy
19,ANZ,1908,Oceania,AUS,Australia
1,AUT,1908,Europe,AUT,Austria
368,GBR,1908,Europe,GBR,UK
3,RUS,1908,Europe,RUS,Russia
40,FRA,1908,Europe,FRA,France
84,SWE,1908,Europe,SWE,Sweden
30,FIN,1908,Europe,FIN,Finland
2,RSA,1908,Africa,ZAF,South Africa
21,GER,1908,Europe,DEU,Germany
17,DEN,1908,Europe,DNK,Denmark
52,CAN,1908,Americas,CAN,Canada
170,GBR,1912,Europe,GBR,UK
2,SUI,1912,Europe,CHE,Switzerland
25,ITA,1912,Europe,ITA,Italy
26,FRA,1912,Europe,FRA,France
19,BEL,1912,Europe,BEL,Belgium
71,FIN,1912,Europe,FIN,Finland
53,GER,1912,Europe,DEU,Germany
2,GRE,1912,Europe,GRC,Greece
7,RSA,1912,Africa,ZAF,South Africa
87,DEN,1912,Europe,DNK,Denmark
8,CAN,1912,Americas,CAN,Canada
30,HUN,1912,Europe,HUN,Hungary
107,USA,1912,Americas,USA,USA
14,AUT,1912,Europe,AUT,Austria
26,NED,1912,Europe,NLD,Netherlands
10,ANZ,1912,Oceania,AUS,Australia
80,NOR,1912,Europe,NOR,Norway
190,SWE,1912,Europe,SWE,Sweden
14,RUS,1912,Europe,RUS,Russia
84,ITA,1920,Europe,ITA,Italy
188,BEL,1920,Europe,BEL,Belgium
137,NOR,1920,Europe,NOR,Norway
141,FRA,1920,Europe,FRA,France
1,LUX,1920,Europe,LUX,Luxembourg
111,GBR,1920,Europe,GBR,UK
7,AUS,1920,Oceania,AUS,Australia
7,BRA,1920,Americas,BRA,Brazil
194,USA,1920,Americas,USA,USA
1,NZL,1920,Oceania,NZL,New Zealand
5,GRE,1920,Europe,GRC,Greece
3,JPN,1920,Asia,JPN,Japan
52,FIN,1920,Europe,FIN,Finland
16,CAN,1920,Americas,CAN,Canada
21,RSA,1920,Africa,ZAF,South Africa
50,NED,1920,Europe,NLD,Netherlands
3,EST,1920,Europe,EST,Estonia
29,SUI,1920,Europe,CHE,Switzerland
23,ESP,1920,Europe,ESP,Spain
154,SWE,1920,Europe,SWE,Sweden
71,DEN,1920,Europe,DNK,Denmark
194,USA,1924,Americas,USA,USA
27,NED,1924,Europe,NLD,Netherlands
10,ARG,1924,Americas,ARG,Argentina
69,SUI,1924,Europe,CHE,Switzerland
5,POL,1924,Europe,POL,Poland
95,GBR,1924,Europe,GBR,UK
14,URU,1924,Americas,URY,Uruguay
6,EST,1924,Europe,EST,Estonia
81,SWE,1924,Europe,SWE,Sweden
120,FRA,1924,Europe,FRA,France
2,LUX,1924,Europe,LUX,Luxembourg
39,NOR,1924,Europe,NOR,Norway
4,POR,1924,Europe,PRT,Portugal
16,ROU,1924,Europe,ROU,Romania
11,AUS,1924,Oceania,AUS,Australia
8,AUT,1924,Europe,AUT,Austria
29,CAN,1924,Americas,CAN,Canada
67,FIN,1924,Europe,FIN,Finland
1,MON,1924,Europe,MCO,Monaco
14,DEN,1924,Europe,DNK,Denmark
1,NEP,1924,Asia,NPL,Nepal
5,HAI,1924,Americas,HTI,Haiti
1,JPN,1924,Asia,JPN,Japan
3,RSA,1924,Africa,ZAF,South Africa
1,GRE,1924,Europe,GRC,Greece
51,ITA,1924,Europe,ITA,Italy
2,IRL,1924,Europe,IRL,Ireland
22,HUN,1924,Europe,HUN,Hungary
7,IND,1924,Asia,IND,India
2,YUG,1924,Europe,SRB,Serbia
44,BEL,1924,Europe,BEL,Belgium
1,NZL,1924,Oceania,NZL,New Zealand
20,POL,1928,Europe,POL,Poland
21,HUN,1928,Europe,HUN,Hungary
1,CHI,1928,Americas,CHL,Chile
4,EGY,1928,Africa,EGY,Egypt
14,IND,1928,Asia,IND,India
24,NOR,1928,Europe,NOR,Norway
52,FRA,1928,Europe,FRA,France
3,ESP,1928,Europe,ESP,Spain
6,POR,1928,Europe,PRT,Portugal
1,LUX,1928,Europe,LUX,Luxembourg
6,BEL,1928,Europe,BEL,Belgium
9,EST,1928,Europe,EST,Estonia
53,SWE,1928,Europe,SWE,Sweden
6,RSA,1928,Africa,ZAF,South Africa
45,CAN,1928,Americas,CAN,Canada
29,FIN,1928,Europe,FIN,Finland
1,NZL,1928,Oceania,NZL,New Zealand
59,GBR,1928,Europe,GBR,UK
9,JPN,1928,Asia,JPN,Japan
4,AUS,1928,Oceania,AUS,Australia
72,ITA,1928,Europe,ITA,Italy
12,YUG,1928,Europe,SRB,Serbia
26,ARG,1928,Americas,ARG,Argentina
1,PHI,1928,Asia,PHL,Philippines
57,NED,1928,Europe,NLD,Netherlands
82,GER,1928,Europe,DEU,Germany
1,HAI,1928,Americas,HTI,Haiti
1,IRL,1928,Europe,IRL,Ireland
42,SUI,1928,Europe,CHE,Switzerland
17,URU,1928,Americas,URY,Uruguay
11,AUT,1928,Europe,AUT,Austria
15,DEN,1928,Europe,DNK,Denmark
102,USA,1928,Americas,USA,USA
59,CAN,1932,Americas,CAN,Canada
35,SWE,1932,Europe,SWE,Sweden
13,NED,1932,Europe,NLD,Netherlands
35,HUN,1932,Europe,HUN,Hungary
2,NZL,1932,Oceania,NZL,New Zealand
5,RSA,1932,Africa,ZAF,South Africa
11,DEN,1932,Europe,DNK,Denmark
4,ARG,1932,Americas,ARG,Argentina
1,ESP,1932,Europe,ESP,Spain
223,USA,1932,Americas,USA,USA
2,IRL,1932,Europe,IRL,Ireland
1,URU,1932,Americas,URY,Uruguay
2,MEX,1932,Americas,MEX,Mexico
15,IND,1932,Asia,IND,India
3,SUI,1932,Europe,CHE,Switzerland
77,ITA,1932,Europe,ITA,Italy
7,AUT,1932,Europe,AUT,Austria
35,GBR,1932,Europe,GBR,UK
21,POL,1932,Europe,POL,Poland
31,JPN,1932,Asia,JPN,Japan
5,AUS,1932,Oceania,AUS,Australia
32,FIN,1932,Europe,FIN,Finland
3,PHI,1932,Asia,PHL,Philippines
10,NOR,1932,Europe,NOR,Norway
57,GER,1932,Europe,DEU,Germany
1,BEL,1932,Europe,BEL,Belgium
42,FRA,1932,Europe,FRA,France
1,LAT,1932,Europe,LVA,Latvia
1,NZL,1936,Oceania,NZL,New Zealand
2,LAT,1936,Europe,LVA,Latvia
46,NOR,1936,Europe,NOR,Norway
53,GBR,1936,Europe,GBR,UK
19,IND,1936,Asia,IND,India
2,TUR,1936,Asia,TUR,Turkey
11,ARG,1936,Americas,ARG,Argentina
1,PHI,1936,Asia,PHL,Philippines
112,USA,1936,Americas,USA,USA
231,GER,1936,Europe,DEU,Germany
23,JPN,1936,Asia,JPN,Japan
37,NED,1936,Europe,NLD,Netherlands
1,YUG,1936,Europe,SRB,Serbia
16,MEX,1936,Americas,MEX,Mexico
5,EGY,1936,Africa,EGY,Egypt
6,DEN,1936,Europe,DNK,Denmark
7,EST,1936,Europe,EST,Estonia
45,SWE,1936,Europe,SWE,Sweden
60,AUT,1936,Europe,AUT,Austria
36,FIN,1936,Europe,FIN,Finland
35,CAN,1936,Americas,CAN,Canada
1,ROU,1936,Europe,ROU,Romania
1,AUS,1936,Oceania,AUS,Australia
43,HUN,1936,Europe,HUN,Hungary
76,ITA,1936,Europe,ITA,Italy
12,POL,1936,Europe,POL,Poland
3,POR,1936,Europe,PRT,Portugal
14,BEL,1936,Europe,BEL,Belgium
1,RSA,1936,Africa,ZAF,South Africa
45,FRA,1936,Europe,FRA,France
62,SUI,1936,Europe,CHE,Switzerland
20,IND,1948,Asia,IND,India
42,NED,1948,Europe,NLD,Netherlands
68,ITA,1948,Europe,ITA,Italy
1,PER,1948,Americas,PER,Peru
31,NOR,1948,Europe,NOR,Norway
51,DEN,1948,Europe,DNK,Denmark
3,JAM,1948,Americas,JAM,Jamaica
2,PAN,1948,Americas,PAN,Panama
1,IRL,1948,Europe,IRL,Ireland
77,FRA,1948,Europe,FRA,France
1,TTO,1948,Americas,TTO,Trinidad
2,CUB,1948,Americas,CUB,Cuba
2,KOR,1948,Asia,KOR,South Korea
3,ESP,1948,Europe,ESP,Spain
5,POR,1948,Europe,PRT,Portugal
3,URU,1948,Americas,URY,Uruguay
88,SWE,1948,Europe,SWE,Sweden
12,TUR,1948,Asia,TUR,Turkey
64,HUN,1948,Europe,HUN,Hungary
9,MEX,1948,Americas,MEX,Mexico
64,SUI,1948,Europe,CHE,Switzerland
63,GBR,1948,Europe,GBR,UK
42,FIN,1948,Europe,FIN,Finland
5,EGY,1948,Africa,EGY,Egypt
2,POL,1948,Europe,POL,Poland
16,YUG,1948,Europe,SRB,Serbia
1,PUR,1948,Americas,PRI,Puerto Rico
6,RSA,1948,Africa,ZAF,South Africa
168,USA,1948,Americas,USA,USA
1,SRI,1948,Asia,LKA,Sri Lanka
11,ARG,1948,Americas,ARG,Argentina
10,BRA,1948,Americas,BRA,Brazil
22,CAN,1948,Americas,CAN,Canada
16,AUT,1948,Europe,AUT,Austria
16,AUS,1948,Oceania,AUS,Australia
21,BEL,1948,Europe,BEL,Belgium
21,CAN,1952,Americas,CAN,Canada
12,JPN,1952,Asia,JPN,Japan
2,KOR,1952,Asia,KOR,South Korea
14,RSA,1952,Africa,ZAF,South Africa
2,TTO,1952,Americas,TTO,Trinidad
93,SWE,1952,Europe,SWE,Sweden
20,AUS,1952,Oceania,AUS,Australia
52,FIN,1952,Europe,FIN,Finland
15,IND,1952,Asia,IND,India
3,TUR,1952,Asia,TUR,Turkey
2,POR,1952,Europe,PRT,Portugal
1,EGY,1952,Africa,EGY,Egypt
1,VEN,1952,Americas,VEN,Venezuela
3,NZL,1952,Oceania,NZL,New Zealand
9,DEN,1952,Europe,DNK,Denmark
4,ROU,1952,Europe,ROU,Romania
4,CHI,1952,Americas,CHL,Chile
24,YUG,1952,Europe,SRB,Serbia
4,POL,1952,Europe,POL,Poland
1,MEX,1952,Americas,MEX,Mexico
39,SUI,1952,Europe,CHE,Switzerland
11,AUT,1952,Europe,AUT,Austria
8,JAM,1952,Americas,JAM,Jamaica
1,BUL,1952,Europe,BGR,Bulgaria
104,HUN,1952,Europe,HUN,Hungary
3,BRA,1952,Americas,BRA,Brazil
21,NED,1952,Europe,NLD,Netherlands
8,BEL,1952,Europe,BEL,Belgium
32,NOR,1952,Europe,NOR,Norway
1,IRL,1952,Europe,IRL,Ireland
6,ARG,1952,Americas,ARG,Argentina
52,GER,1952,Europe,DEU,Germany
1,LUX,1952,Europe,LUX,Luxembourg
56,ITA,1952,Europe,ITA,Italy
41,FRA,1952,Europe,FRA,France
14,URU,1952,Americas,URY,Uruguay
2,LIB,1952,Asia,LBN,Lebanon
1,ESP,1952,Europe,ESP,Spain
164,USA,1952,Americas,USA,USA
32,GBR,1952,Europe,GBR,UK
54,GER,1956,Europe,DEU,Germany
13,SUI,1956,Europe,CHE,Switzerland
49,SWE,1956,Europe,SWE,Sweden
7,NOR,1956,Europe,NOR,Norway
5,IRL,1956,Europe,IRL,Ireland
1,ISL,1956,Europe,ISL,Iceland
7,RSA,1956,Africa,ZAF,South Africa
39,CAN,1956,Americas,CAN,Canada
1,BRA,1956,Americas,BRA,Brazil
2,KOR,1956,Asia,KOR,South Korea
7,TUR,1956,Asia,TUR,Turkey
25,JPN,1956,Asia,JPN,Japan
67,AUS,1956,Oceania,AUS,Australia
66,HUN,1956,Europe,HUN,Hungary
2,BEL,1956,Europe,BEL,Belgium
16,AUT,1956,Europe,AUT,Austria
33,FRA,1956,Europe,FRA,France
18,BUL,1956,Europe,BGR,Bulgaria
2,ARG,1956,Americas,ARG,Argentina
14,PAK,1956,Asia,PAK,Pakistan
12,URU,1956,Americas,URY,Uruguay
46,GBR,1956,Europe,GBR,UK
149,USA,1956,Americas,USA,USA
38,FIN,1956,Europe,FIN,Finland
2,BAH,1956,Americas,BHS,Bahamas
19,ROU,1956,Europe,ROU,Romania
17,IND,1956,Asia,IND,India
23,YUG,1956,Europe,SRB,Serbia
20,POL,1956,Europe,POL,Poland
2,MEX,1956,Americas,MEX,Mexico
4,CHI,1956,Americas,CHL,Chile
6,DEN,1956,Europe,DNK,Denmark
55,ITA,1956,Europe,ITA,Italy
3,NZL,1956,Oceania,NZL,New Zealand
1,GRE,1956,Europe,GRC,Greece
19,FIN,1960,Europe,FIN,Finland
9,TUR,1960,Asia,TUR,Turkey
9,AUT,1960,Europe,AUT,Austria
17,YUG,1960,Europe,SRB,Serbia
15,ROU,1960,Europe,ROU,Romania
15,FRA,1960,Europe,FRA,France
1,ETH,1960,Africa,ETH,Ethiopia
14,SUI,1960,Europe,CHE,Switzerland
31,JPN,1960,Asia,JPN,Japan
3,NZL,1960,Oceania,NZL,New Zealand
7,BUL,1960,Europe,BGR,Bulgaria
30,CAN,1960,Americas,CAN,Canada
32,POL,1960,Europe,POL,Poland
13,BRA,1960,Americas,BRA,Brazil
89,ITA,1960,Europe,ITA,Italy
28,GBR,1960,Europe,GBR,UK
98,GER,1960,Europe,DEU,Germany
1,IRQ,1960,Asia,IRQ,Iraq
1,GHA,1960,Africa,GHA,Ghana
2,POR,1960,Europe,PRT,Portugal
46,AUS,1960,Oceania,AUS,Australia
1,MAR,1960,Africa,MAR,Morocco
3,GRE,1960,Europe,GRC,Greece
11,NOR,1960,Europe,NOR,Norway
23,DEN,1960,Europe,DNK,Denmark
5,NED,1960,Europe,NLD,Netherlands
1,MEX,1960,Americas,MEX,Mexico
13,IND,1960,Asia,IND,India
152,USA,1960,Americas,USA,USA
4,ARG,1960,Americas,ARG,Argentina
4,BEL,1960,Europe,BEL,Belgium
14,PAK,1960,Asia,PAK,Pakistan
1,VEN,1960,Americas,VEN,Venezuela
66,HUN,1960,Europe,HUN,Hungary
16,SWE,1960,Europe,SWE,Sweden
3,RSA,1960,Africa,ZAF,South Africa
14,ESP,1960,Europe,ESP,Spain
46,POL,1964,Europe,POL,Poland
177,USA,1964,Americas,USA,USA
126,GER,1964,Europe,DEU,Germany
1,MEX,1964,Americas,MEX,Mexico
6,TTO,1964,Americas,TTO,Trinidad
1,PHI,1964,Asia,PHL,Philippines
1,ARG,1964,Americas,ARG,Argentina
56,HUN,1964,Europe,HUN,Hungary
2,BAH,1964,Americas,BHS,Bahamas
2,TUN,1964,Africa,TUN,Tunisia
43,SWE,1964,Europe,SWE,Sweden
1,IRL,1964,Europe,IRL,Ireland
1,URU,1964,Americas,URY,Uruguay
6,TUR,1964,Asia,TUR,Turkey
10,BUL,1964,Europe,BGR,Bulgaria
1,PRK,1964,Asia,PRK,North Korea
15,NOR,1964,Europe,NOR,Norway
16,PAK,1964,Asia,PAK,Pakistan
1,CUB,1964,Americas,CUB,Cuba
3,BEL,1964,Europe,BEL,Belgium
30,GBR,1964,Europe,GBR,UK
1,ETH,1964,Africa,ETH,Ethiopia
62,JPN,1964,Asia,JPN,Japan
12,BRA,1964,Americas,BRA,Brazil
12,CAN,1964,Americas,CAN,Canada
6,SUI,1964,Europe,CHE,Switzerland
17,AUT,1964,Europe,AUT,Austria
1,NGR,1964,Africa,NGA,Nigeria
1,KEN,1964,Africa,KEN,Kenya
1,GHA,1964,Africa,GHA,Ghana
44,AUS,1964,Oceania,AUS,Australia
3,KOR,1964,Asia,KOR,South Korea
15,YUG,1964,Europe,SRB,Serbia
20,FIN,1964,Europe,FIN,Finland
38,FRA,1964,Europe,FRA,France
12,DEN,1964,Europe,DNK,Denmark
33,NED,1964,Europe,NLD,Netherlands
61,ITA,1964,Europe,ITA,Italy
6,NZL,1964,Oceania,NZL,New Zealand
15,IND,1964,Asia,IND,India
16,ROU,1964,Europe,ROU,Romania
13,PAK,1968,Asia,PAK,Pakistan
1,VEN,1968,Americas,VEN,Venezuela
41,ITA,1968,Europe,ITA,Italy
25,ROU,1968,Europe,ROU,Romania
19,GBR,1968,Europe,GBR,UK
4,BRA,1968,Americas,BRA,Brazil
16,IND,1968,Asia,IND,India
1,GRE,1968,Europe,GRC,Greece
22,SUI,1968,Europe,CHE,Switzerland
58,GDR,1968,Europe,DEU,Germany
2,TUN,1968,Africa,TUN,Tunisia
7,NZL,1968,Oceania,NZL,New Zealand
61,FRG,1968,Europe,DEU,Germany
3,BEL,1968,Europe,BEL,Belgium
2,TUR,1968,Asia,TUR,Turkey
81,HUN,1968,Europe,HUN,Hungary
4,MGL,1968,Asia,MNG,Mongolia
173,USA,1968,Americas,USA,USA
63,JPN,1968,Asia,JPN,Japan
29,YUG,1968,Europe,SRB,Serbia
37,POL,1968,Europe,POL,Poland
12,FIN,1968,Europe,FIN,Finland
17,DEN,1968,Europe,DNK,Denmark
9,MEX,1968,Americas,MEX,Mexico
1,JAM,1968,Americas,JAM,Jamaica
12,KEN,1968,Africa,KEN,Kenya
2,ARG,1968,Americas,ARG,Argentina
51,AUS,1968,Oceania,AUS,Australia
2,UGA,1968,Africa,UGA,Uganda
25,SWE,1968,Europe,SWE,Sweden
26,BUL,1968,Europe,BGR,Bulgaria
36,FRA,1968,Europe,FRA,France
10,CUB,1968,Americas,CUB,Cuba
1,CMR,1968,Africa,CMR,Cameroon
20,AUT,1968,Europe,AUT,Austria
2,ETH,1968,Africa,ETH,Ethiopia
2,KOR,1968,Asia,KOR,South Korea
28,NOR,1968,Europe,NOR,Norway
23,NED,1968,Europe,NLD,Netherlands
30,CAN,1968,Americas,CAN,Canada
14,NZL,1972,Oceania,NZL,New Zealand
195,USA,1972,Americas,USA,USA
2,ESP,1972,Europe,ESP,Spain
26,SWE,1972,Europe,SWE,Sweden
12,CAN,1972,Americas,CAN,Canada
20,AUS,1972,Oceania,AUS,Australia
1,TUR,1972,Asia,TUR,Turkey
18,YUG,1972,Europe,SRB,Serbia
1,NGR,1972,Africa,NGA,Nigeria
15,NED,1972,Europe,NLD,Netherlands
15,PAK,1972,Asia,PAK,Pakistan
15,PRK,1972,Asia,PRK,North Korea
3,COL,1972,Americas,COL,Colombia
22,CUB,1972,Americas,CUB,Cuba
2,BEL,1972,Europe,BEL,Belgium
1,GHA,1972,Africa,GHA,Ghana
1,NIG,1972,Africa,NER,Niger
1,ARG,1972,Americas,ARG,Argentina
1,MEX,1972,Americas,MEX,Mexico
14,IND,1972,Asia,IND,India
2,GRE,1972,Europe,GRC,Greece
1,DEN,1972,Europe,DNK,Denmark
1,TUN,1972,Africa,TUN,Tunisia
25,SUI,1972,Europe,CHE,Switzerland
1,MGL,1972,Asia,MNG,Mongolia
25,NOR,1972,Europe,NOR,Norway
1,LIB,1972,Asia,LBN,Lebanon
20,FIN,1972,Europe,FIN,Finland
47,POL,1972,Europe,POL,Poland
81,HUN,1972,Europe,HUN,Hungary
22,BUL,1972,Europe,BGR,Bulgaria
2,BRA,1972,Americas,BRA,Brazil
34,ITA,1972,Europe,ITA,Italy
59,JPN,1972,Asia,JPN,Japan
40,ROU,1972,Europe,ROU,Romania
25,FRA,1972,Europe,FRA,France
8,AUT,1972,Europe,AUT,Austria
2,UGA,1972,Africa,UGA,Uganda
29,GBR,1972,Europe,GBR,UK
1,JAM,1972,Americas,JAM,Jamaica
2,ETH,1972,Africa,ETH,Ethiopia
1,KOR,1972,Asia,KOR,South Korea
112,FRG,1972,Europe,DEU,Germany
171,GDR,1972,Europe,DEU,Germany
12,KEN,1972,Africa,KEN,Kenya
2,PRK,1976,Asia,PRK,North Korea
39,BUL,1976,Europe,BGR,Bulgaria
20,NED,1976,Europe,NLD,Netherlands
3,BRA,1976,Americas,BRA,Brazil
2,MEX,1976,Americas,MEX,Mexico
2,JAM,1976,Americas,JAM,Jamaica
1,TTO,1976,Americas,TTO,Trinidad
1,PUR,1976,Americas,PRI,Puerto Rico
1,MGL,1976,Asia,MNG,Mongolia
9,BEL,1976,Europe,BEL,Belgium
24,CUB,1976,Americas,CUB,Cuba
16,NOR,1976,Europe,NOR,Norway
16,PAK,1976,Asia,PAK,Pakistan
55,ROU,1976,Europe,ROU,Romania
1,VEN,1976,Americas,VEN,Venezuela
110,FRG,1976,Europe,DEU,Germany
21,FRA,1976,Europe,FRA,France
8,AUT,1976,Europe,AUT,Austria
8,DEN,1976,Europe,DNK,Denmark
55,HUN,1976,Europe,HUN,Hungary
33,GBR,1976,Europe,GBR,UK
12,SWE,1976,Europe,SWE,Sweden
23,AUS,1976,Oceania,AUS,Australia
175,USA,1976,Americas,USA,USA
26,CAN,1976,Americas,CAN,Canada
2,LIE,1976,Europe,LIE,Liechtenstein
1,THA,1976,Asia,THA,Thailand
41,JPN,1976,Asia,JPN,Japan
22,FIN,1976,Europe,FIN,Finland
227,GDR,1976,Europe,DEU,Germany
25,NZL,1976,Oceania,NZL,New Zealand
17,KOR,1976,Asia,KOR,South Korea
19,SUI,1976,Europe,CHE,Switzerland
1,BER,1976,Americas,BMU,Bermuda
6,ESP,1976,Europe,ESP,Spain
2,POR,1976,Europe,PRT,Portugal
73,POL,1976,Europe,POL,Poland
35,ITA,1976,Europe,ITA,Italy
19,YUG,1976,Europe,SRB,Serbia
3,IRL,1980,Europe,IRL,Ireland
43,SWE,1980,Europe,SWE,Sweden
10,NED,1980,Europe,NLD,Netherlands
63,HUN,1980,Europe,HUN,Hungary
3,JAM,1980,Americas,JAM,Jamaica
15,ZIM,1980,Africa,ZWE,Zimbabwe
4,LIE,1980,Europe,LIE,Liechtenstein
1,LIB,1980,Asia,LBN,Lebanon
13,AUS,1980,Oceania,AUS,Australia
4,MGL,1980,Asia,MNG,Mongolia
11,SUI,1980,Europe,CHE,Switzerland
1,JPN,1980,Asia,JPN,Japan
13,AUT,1980,Europe,AUT,Austria
10,MEX,1980,Americas,MEX,Mexico
40,ITA,1980,Europe,ITA,Italy
57,YUG,1980,Europe,SRB,Serbia
16,IND,1980,Asia,IND,India
15,NOR,1980,Europe,NOR,Norway
5,GRE,1980,Europe,GRC,Greece
2,CAN,1980,Americas,CAN,Canada
8,FRG,1980,Europe,DEU,Germany
30,FRA,1980,Europe,FRA,France
91,BUL,1980,Europe,BGR,Bulgaria
20,CUB,1980,Americas,CUB,Cuba
8,DEN,1980,Europe,DNK,Denmark
4,ETH,1980,Africa,ETH,Ethiopia
50,POL,1980,Europe,POL,Poland
68,ROU,1980,Europe,ROU,Romania
48,GBR,1980,Europe,GBR,UK
5,PRK,1980,Asia,PRK,North Korea
1,GUY,1980,Americas,GUY,Guyana
9,BRA,1980,Americas,BRA,Brazil
24,ESP,1980,Europe,ESP,Spain
30,USA,1980,Americas,USA,USA
1,VEN,1980,Americas,VEN,Venezuela
1,BEL,1980,Europe,BEL,Belgium
303,GDR,1980,Europe,DEU,Germany
1,UGA,1980,Africa,UGA,Uganda
21,FIN,1980,Europe,FIN,Finland
74,CHN,1984,Asia,CHN,China
7,JAM,1984,Americas,JAM,Jamaica
166,FRG,1984,Europe,DEU,Germany
88,YUG,1984,Europe,SRB,Serbia
19,ESP,1984,Europe,ESP,Spain
361,USA,1984,Americas,USA,USA
1,IRL,1984,Europe,IRL,Ireland
6,MEX,1984,Americas,MEX,Mexico
3,TUR,1984,Asia,TUR,Turkey
4,AUT,1984,Europe,AUT,Austria
33,GDR,1984,Europe,DEU,Germany
1,THA,1984,Asia,THA,Thailand
106,ROU,1984,Europe,ROU,Romania
1,EGY,1984,Africa,EGY,Egypt
36,BRA,1984,Americas,BRA,Brazil
1,ISL,1984,Europe,ISL,Iceland
23,NZL,1984,Oceania,NZL,New Zealand
3,POR,1984,Europe,PRT,Portugal
1,DOM,1984,Americas,DOM,Dominican Republic
73,GBR,1984,Europe,GBR,UK
2,MAR,1984,Africa,MAR,Morocco
52,AUS,1984,Oceania,AUS,Australia
65,ITA,1984,Europe,ITA,Italy
13,DEN,1984,Europe,DNK,Denmark
2,LIE,1984,Europe,LIE,Liechtenstein
2,ALG,1984,Africa,DZA,Algeria
1,COL,1984,Americas,COL,Colombia
50,JPN,1984,Asia,JPN,Japan
91,CAN,1984,Americas,CAN,Canada
5,BEL,1984,Europe,BEL,Belgium
19,NOR,1984,Europe,NOR,Norway
2,GRE,1984,Europe,GRC,Greece
1,ZAM,1984,Africa,ZMB,Zambia
31,FIN,1984,Europe,FIN,Finland
3,KEN,1984,Africa,KEN,Kenya
41,KOR,1984,Asia,KOR,South Korea
1,CMR,1984,Africa,CMR,Cameroon
41,NED,1984,Europe,NLD,Netherlands
21,SUI,1984,Europe,CHE,Switzerland
16,PAK,1984,Asia,PAK,Pakistan
1,PER,1984,Americas,PER,Peru
70,FRA,1984,Europe,FRA,France
2,PUR,1984,Americas,PRI,Puerto Rico
1,SYR,1984,Asia,SYR,Syria
5,NGR,1984,Africa,NGA,Nigeria
64,SWE,1984,Europe,SWE,Sweden
1,CIV,1984,Africa,CIV,Ivory Coast
3,VEN,1984,Americas,VEN,Venezuela
54,GBR,1988,Europe,GBR,UK
214,USA,1988,Americas,USA,USA
1,CRC,1988,Americas,CRI,Costa Rica
37,ITA,1988,Europe,ITA,Italy
5,ESP,1988,Europe,ESP,Spain
7,JAM,1988,Americas,JAM,Jamaica
9,KEN,1988,Africa,KEN,Kenya
21,JPN,1988,Asia,JPN,Japan
33,NOR,1988,Europe,NOR,Norway
21,POL,1988,Europe,POL,Poland
23,BRA,1988,Americas,BRA,Brazil
35,AUS,1988,Oceania,AUS,Australia
29,CAN,1988,Americas,CAN,Canada
129,FRG,1988,Europe,DEU,Germany
77,KOR,1988,Asia,KOR,South Korea
41,BUL,1988,Europe,BGR,Bulgaria
2,TUR,1988,Asia,TUR,Turkey
31,FRA,1988,Europe,FRA,France
46,SWE,1988,Europe,SWE,Sweden
38,FIN,1988,Europe,FIN,Finland
44,HUN,1988,Europe,HUN,Hungary
28,SUI,1988,Europe,CHE,Switzerland
52,CHN,1988,Asia,CHN,China
2,BEL,1988,Europe,BEL,Belgium
1,COL,1988,Americas,COL,Colombia
24,NZL,1988,Oceania,NZL,New Zealand
2,MEX,1988,Americas,MEX,Mexico
13,ARG,1988,Americas,ARG,Argentina
1,LIE,1988,Europe,LIE,Liechtenstein
1,GRE,1988,Europe,GRC,Greece
12,PER,1988,Americas,PER,Peru
1,POR,1988,Europe,PRT,Portugal
1,MGL,1988,Asia,MNG,Mongolia
1,SEN,1988,Africa,SEN,Senegal
69,YUG,1988,Europe,SRB,Serbia
1,CHI,1988,Americas,CHL,Chile
1,PAK,1988,Asia,PAK,Pakistan
7,DEN,1988,Europe,DNK,Denmark
1,THA,1988,Asia,THA,Thailand
1,SUR,1988,Americas,SUR,Suriname
13,AUT,1988,Europe,AUT,Austria
1,DJI,1988,Africa,DJI,Djibouti
1,PHI,1988,Asia,PHL,Philippines
3,INA,1988,Asia,IDN,Indonesia
3,MAR,1988,Africa,MAR,Morocco
213,GDR,1988,Europe,DEU,Germany
58,ROU,1988,Europe,ROU,Romania
52,NED,1988,Europe,NLD,Netherlands
1,COL,1992,Americas,COL,Colombia
46,POL,1992,Europe,POL,Poland
11,NGR,1992,Africa,NGA,Nigeria
2,ALG,1992,Africa,DZA,Algeria
15,CRO,1992,Europe,HRV,Croatia
47,NOR,1992,Europe,NOR,Norway
8,KEN,1992,Africa,KEN,Kenya
11,PRK,1992,Asia,PRK,North Korea
37,NED,1992,Europe,NLD,Netherlands
3,ETH,1992,Africa,ETH,Ethiopia
13,LTU,1992,Europe,LTU,Lithuania
1,SUR,1992,Americas,SUR,Suriname
1,QAT,1992,Asia,QAT,Qatar
2,LUX,1992,Europe,LUX,Luxembourg
8,SUI,1992,Europe,CHE,Switzerland
70,ESP,1992,Europe,ESP,Spain
80,CAN,1992,Americas,CAN,Canada
3,MAR,1992,Africa,MAR,Morocco
14,DEN,1992,Europe,DNK,Denmark
2,MAS,1992,Asia,MYS,Malaysia
6,SLO,1992,Europe,SVN,Slovenia
2,ARG,1992,Americas,ARG,Argentina
85,CHN,1992,Asia,CHN,China
3,LAT,1992,Europe,LVA,Latvia
57,AUS,1992,Oceania,AUS,Australia
1,PUR,1992,Americas,PRI,Puerto Rico
1,MEX,1992,Americas,MEX,Mexico
3,EST,1992,Europe,EST,Estonia
56,KOR,1992,Asia,KOR,South Korea
2,MGL,1992,Asia,MNG,Mongolia
69,CUB,1992,Americas,CUB,Cuba
2,NAM,1992,Africa,NAM,Namibia
42,SWE,1992,Europe,SWE,Sweden
238,USA,1992,Americas,USA,USA
2,IRL,1992,Europe,IRL,Ireland
236,GER,1992,Europe,DEU,Germany
2,GRE,1992,Europe,GRC,Greece
50,GBR,1992,Europe,GBR,UK
69,FRA,1992,Europe,FRA,France
17,BUL,1992,Europe,BGR,Bulgaria
3,BEL,1992,Europe,BEL,Belgium
16,PAK,1992,Asia,PAK,Pakistan
1,BAH,1992,Americas,BHS,Bahamas
3,RSA,1992,Africa,ZAF,South Africa
2,ISR,1992,Asia,ISR,Israel
35,AUT,1992,Europe,AUT,Austria
20,FIN,1992,Europe,FIN,Finland
1,PHI,1992,Asia,PHL,Philippines
59,JPN,1992,Asia,JPN,Japan
66,ITA,1992,Europe,ITA,Italy
45,HUN,1992,Europe,HUN,Hungary
1,PER,1992,Americas,PER,Peru
20,GHA,1992,Africa,GHA,Ghana
6,INA,1992,Asia,IDN,Indonesia
53,ROU,1992,Europe,ROU,Romania
16,NZL,1992,Oceania,NZL,New Zealand
6,TUR,1992,Asia,TUR,Turkey
4,JAM,1992,Americas,JAM,Jamaica
14,BRA,1992,Americas,BRA,Brazil
1,THA,1992,Asia,THA,Thailand
11,FRA,1994,Europe,FRA,France
24,SWE,1994,Europe,SWE,Sweden
37,CAN,1994,Americas,CAN,Canada
4,AUS,1994,Oceania,AUS,Australia
32,ITA,1994,Europe,ITA,Italy
12,AUT,1994,Europe,AUT,Austria
2,BLR,1994,Europe,BLR,Belarus
9,KOR,1994,Asia,KOR,South Korea
4,NED,1994,Europe,NLD,Netherlands
3,KAZ,1994,Asia,KAZ,Kazakhstan
16,SUI,1994,Europe,CHE,Switzerland
1,UZB,1994,Asia,UZB,Uzbekistan
36,RUS,1994,Europe,RUS,Russia
19,USA,1994,Americas,USA,USA
3,CHN,1994,Asia,CHN,China
10,JPN,1994,Asia,JPN,Japan
3,SLO,1994,Europe,SVN,Slovenia
3,GBR,1994,Europe,GBR,UK
30,NOR,1994,Europe,NOR,Norway
30,FIN,1994,Europe,FIN,Finland
2,UKR,1994,Europe,UKR,Ukraine
40,GER,1994,Europe,DEU,Germany
2,THA,1996,Asia,THA,Thailand
124,GER,1996,Europe,DEU,Germany
38,ROU,1996,Europe,ROU,Romania
20,ARG,1996,Americas,ARG,Argentina
2,UZB,1996,Asia,UZB,Uzbekistan
1,PUR,1996,Americas,PRI,Puerto Rico
1,MEX,1996,Americas,MEX,Mexico
3,MDA,1996,Europe,MDA,Moldova
1,AZE,1996,Asia,AZE,Azerbaijan
106,CHN,1996,Asia,CHN,China
11,KAZ,1996,Asia,KAZ,Kazakhstan
13,CZE,1996,Europe,CZE,Czech Republic
5,PRK,1996,Asia,PRK,North Korea
43,HUN,1996,Europe,HUN,Hungary
1,BDI,1996,Africa,BDI,Burundi
24,NGR,1996,Africa,NGA,Nigeria
73,NED,1996,Europe,NLD,Netherlands
6,INA,1996,Asia,IDN,Indonesia
28,CRO,1996,Europe,HRV,Croatia
1,HKG,1996,Asia,CHN,China
5,BAH,1996,Americas,BHS,Bahamas
2,TTO,1996,Americas,TTO,Trinidad
8,GRE,1996,Europe,GRC,Greece
3,ALG,1996,Africa,DZA,Algeria
26,SCG,1996,Europe,SRB,Serbia
1,ZAM,1996,Africa,ZMB,Zambia
1,IND,1996,Asia,IND,India
6,BEL,1996,Europe,BEL,Belgium
2,NAM,1996,Africa,NAM,Namibia
1,MOZ,1996,Africa,MOZ,Mozambique
9,NZL,1996,Oceania,NZL,New Zealand
2,ARM,1996,Asia,ARM,Armenia
11,SUI,1996,Europe,CHE,Switzerland
1,MGL,1996,Asia,MNG,Mongolia
23,BLR,1996,Europe,BLR,Belarus
55,CUB,1996,Americas,CUB,Cuba
3,POR,1996,Europe,PRT,Portugal
3,SVK,1996,Europe,SVK,Slovakia
2,MAR,1996,Africa,MAR,Morocco
3,MAS,1996,Asia,MYS,Malaysia
71,ITA,1996,Europe,ITA,Italy
63,BRA,1996,Americas,BRA,Brazil
1,LAT,1996,Europe,LVA,Latvia
16,JAM,1996,Americas,JAM,Jamaica
2,SLO,1996,Europe,SVN,Slovenia
259,USA,1996,Americas,USA,USA
51,FRA,1996,Europe,FRA,France
31,SWE,1996,Europe,SWE,Sweden
22,POL,1996,Europe,POL,Poland
34,UKR,1996,Europe,UKR,Ukraine
50,CAN,1996,Americas,CAN,Canada
66,KOR,1996,Asia,KOR,South Korea
1,UGA,1996,Africa,UGA,Uganda
6,TUR,1996,Asia,TUR,Turkey
3,ETH,1996,Africa,ETH,Ethiopia
4,FIN,1996,Europe,FIN,Finland
132,AUS,1996,Oceania,AUS,Australia
23,NOR,1996,Europe,NOR,Norway
8,KEN,1996,Africa,KEN,Kenya
42,JPN,1996,Asia,JPN,Japan
115,RUS,1996,Europe,RUS,Russia
1,SYR,1996,Asia,SYR,Syria
21,BUL,1996,Europe,BGR,Bulgaria
66,ESP,1996,Europe,ESP,Spain
1,CRC,1996,Americas,CRI,Costa Rica
23,DEN,1996,Europe,DNK,Denmark
1,TGA,1996,Oceania,TON,Tonga
1,ECU,1996,Americas,ECU,Ecuador
1,TUN,1996,Africa,TUN,Tunisia
4,IRL,1996,Europe,IRL,Ireland
11,LTU,1996,Europe,LTU,Lithuania
1,PHI,1996,Asia,PHL,Philippines
3,AUT,1996,Europe,AUT,Austria
2,GEO,1996,Asia,GEO,Georgia
26,GBR,1996,Europe,GBR,UK
1,ISR,1996,Asia,ISR,Israel
5,RSA,1996,Africa,ZAF,South Africa
1,BUL,1998,Europe,BGR,Bulgaria
1,UKR,1998,Europe,UKR,Ukraine
5,DEN,1998,Europe,DNK,Denmark
13,JPN,1998,Asia,JPN,Japan
20,AUT,1998,Europe,AUT,Austria
58,FIN,1998,Europe,FIN,Finland
49,CAN,1998,Americas,CAN,Canada
2,KAZ,1998,Asia,KAZ,Kazakhstan
12,KOR,1998,Asia,KOR,South Korea
7,SWE,1998,Europe,SWE,Sweden
1,BEL,1998,Europe,BEL,Belgium
14,CHN,1998,Asia,CHN,China
52,RUS,1998,Europe,RUS,Russia
15,FRA,1998,Europe,FRA,France
14,SUI,1998,Europe,CHE,Switzerland
34,USA,1998,Americas,USA,USA
4,GBR,1998,Europe,GBR,UK
44,GER,1998,Europe,DEU,Germany
17,ITA,1998,Europe,ITA,Italy
1,AUS,1998,Oceania,AUS,Australia
2,BLR,1998,Europe,BLR,Belarus
23,CZE,1998,Europe,CZE,Czech Republic
11,NED,1998,Europe,NLD,Netherlands
40,NOR,1998,Europe,NOR,Norway
187,RUS,2000,Europe,RUS,Russia
2,POR,2000,Europe,PRT,Portugal
4,PRK,2000,Asia,PRK,North Korea
5,RSA,2000,Africa,ZAF,South Africa
3,SLO,2000,Europe,SVN,Slovenia
24,POL,2000,Europe,POL,Poland
4,NZL,2000,Oceania,NZL,New Zealand
8,NGR,2000,Africa,NGA,Nigeria
1,QAT,2000,Asia,QAT,Qatar
1,SRI,2000,Asia,LKA,Sri Lanka
46,ROU,2000,Europe,ROU,Romania
43,NOR,2000,Europe,NOR,Norway
14,SUI,2000,Europe,CHE,Switzerland
25,SCG,2000,Europe,SRB,Serbia
79,CHN,2000,Asia,CHN,China
66,FRA,2000,Europe,FRA,France
31,CAN,2000,Americas,CAN,Canada
7,KEN,2000,Africa,KEN,Kenya
5,TUR,2000,Asia,TUR,Turkey
17,CHI,2000,Americas,CHL,Chile
118,GER,2000,Europe,DEU,Germany
53,HUN,2000,Europe,HUN,Hungary
18,CMR,2000,Africa,CMR,Cameroon
7,KAZ,2000,Asia,KAZ,Kazakhstan
1,COL,2000,Americas,COL,Colombia
2,CRC,2000,Americas,CRI,Costa Rica
10,CRO,2000,Europe,HRV,Croatia
44,JPN,2000,Asia,JPN,Japan
23,JAM,2000,Americas,JAM,Jamaica
13,BUL,2000,Europe,BGR,Bulgaria
65,CUB,2000,Americas,CUB,Cuba
9,CZE,2000,Europe,CZE,Czech Republic
65,ITA,2000,Europe,ITA,Italy
1,ISR,2000,Asia,ISR,Israel
1,ISL,2000,Europe,ISL,Iceland
1,IRL,2000,Europe,IRL,Ireland
3,THA,2000,Asia,THA,Thailand
25,DEN,2000,Europe,DNK,Denmark
42,ESP,2000,Europe,ESP,Spain
35,UKR,2000,Europe,UKR,Ukraine
3,EST,2000,Europe,EST,Estonia
8,INA,2000,Asia,IDN,Indonesia
5,FIN,2000,Europe,FIN,Finland
1,URU,2000,Americas,URY,Uruguay
8,ETH,2000,Africa,ETH,Ethiopia
242,USA,2000,Americas,USA,USA
6,MEX,2000,Americas,MEX,Mexico
5,ALG,2000,Africa,DZA,Algeria
20,ARG,2000,Americas,ARG,Argentina
1,ARM,2000,Asia,ARM,Armenia
6,GEO,2000,Asia,GEO,Georgia
183,AUS,2000,Oceania,AUS,Australia
79,NED,2000,Europe,NLD,Netherlands
1,MOZ,2000,Africa,MOZ,Mozambique
1,MKD,2000,Europe,MKD,Macedonia
6,SVK,2000,Europe,SVK,Slovakia
4,AUT,2000,Europe,AUT,Austria
2,TTO,2000,Americas,TTO,Trinidad
18,GRE,2000,Europe,GRC,Greece
3,AZE,2000,Asia,AZE,Azerbaijan
1,KGZ,2000,Asia,KGZ,Kyrgyzstan
1,IND,2000,Asia,IND,India
11,BAH,2000,Americas,BHS,Bahamas
5,MAR,2000,Africa,MAR,Morocco
1,BAR,2000,Americas,BRB,Barbados
17,LTU,2000,Europe,LTU,Lithuania
7,BEL,2000,Europe,BEL,Belgium
22,BLR,2000,Europe,BLR,Belarus
3,LAT,2000,Europe,LVA,Latvia
2,MDA,2000,Europe,MDA,Moldova
1,KUW,2000,Asia,KWT,Kuwait
2,KSA,2000,Asia,SAU,Saudi Arabia
32,SWE,2000,Europe,SWE,Sweden
54,GBR,2000,Europe,GBR,UK
4,UZB,2000,Asia,UZB,Uzbekistan
48,BRA,2000,Americas,BRA,Brazil
73,KOR,2000,Asia,KOR,South Korea
13,FIN,2002,Europe,FIN,Finland
6,GBR,2002,Europe,GBR,UK
15,FRA,2002,Europe,FRA,France
24,SUI,2002,Europe,CHE,Switzerland
3,EST,2002,Europe,EST,Estonia
3,CZE,2002,Europe,CZE,Czech Republic
4,CRO,2002,Europe,HRV,Croatia
16,CHN,2002,Asia,CHN,China
74,CAN,2002,Americas,CAN,Canada
3,BUL,2002,Europe,BGR,Bulgaria
84,USA,2002,Americas,USA,USA
1,BLR,2002,Europe,BLR,Belarus
4,SLO,2002,Europe,SVN,Slovenia
20,AUT,2002,Europe,AUT,Austria
2,AUS,2002,Oceania,AUS,Australia
38,RUS,2002,Europe,RUS,Russia
2,POL,2002,Europe,POL,Poland
61,GER,2002,Europe,DEU,Germany
21,ITA,2002,Europe,ITA,Italy
2,JPN,2002,Asia,JPN,Japan
26,SWE,2002,Europe,SWE,Sweden
8,NED,2002,Europe,NLD,Netherlands
41,NOR,2002,Europe,NOR,Norway
7,KOR,2002,Asia,KOR,South Korea
1,SYR,2004,Asia,SYR,Syria
40,BRA,2004,Americas,BRA,Brazil
263,USA,2004,Americas,USA,USA
12,SWE,2004,Europe,SWE,Sweden
17,BUL,2004,Europe,BGR,Bulgaria
7,KEN,2004,Africa,KEN,Kenya
17,CAN,2004,Americas,CAN,Canada
4,CHI,2004,Americas,CHL,Chile
149,GER,2004,Europe,DEU,Germany
94,CHN,2004,Asia,CHN,China
8,KAZ,2004,Asia,KAZ,Kazakhstan
1,CMR,2004,Africa,CMR,Cameroon
5,PRK,2004,Asia,PRK,North Korea
2,COL,2004,Americas,COL,Colombia
93,JPN,2004,Asia,JPN,Japan
13,JAM,2004,Americas,JAM,Jamaica
7,NOR,2004,Europe,NOR,Norway
52,KOR,2004,Asia,KOR,South Korea
5,UZB,2004,Asia,UZB,Uzbekistan
15,BLR,2004,Europe,BLR,Belarus
13,SCG,2004,Europe,SRB,Serbia
49,ARG,2004,Americas,ARG,Argentina
189,RUS,2004,Europe,RUS,Russia
77,NED,2004,Europe,NLD,Netherlands
8,NGR,2004,Africa,NGA,Nigeria
157,AUS,2004,Oceania,AUS,Australia
10,SVK,2004,Europe,SVK,Slovakia
8,AUT,2004,Europe,AUT,Austria
1,MGL,2004,Asia,MNG,Mongolia
21,CRO,2004,Europe,HRV,Croatia
5,SLO,2004,Europe,SVN,Slovenia
5,AZE,2004,Asia,AZE,Azerbaijan
4,MEX,2004,Americas,MEX,Mexico
2,VEN,2004,Americas,VEN,Venezuela
3,MAR,2004,Africa,MAR,Morocco
2,BAH,2004,Americas,BHS,Bahamas
3,LTU,2004,Europe,LTU,Lithuania
3,BEL,2004,Europe,BEL,Belgium
4,LAT,2004,Europe,LVA,Latvia
39,ROU,2004,Europe,ROU,Romania
10,RSA,2004,Africa,ZAF,South Africa
62,CUB,2004,Americas,CUB,Cuba
2,FIN,2004,Europe,FIN,Finland
7,ETH,2004,Africa,ETH,Ethiopia
40,HUN,2004,Europe,HUN,Hungary
47,UKR,2004,Europe,UKR,Ukraine
31,GRE,2004,Europe,GRC,Greece
53,FRA,2004,Europe,FRA,France
2,HKG,2004,Asia,CHN,China
6,NZL,2004,Oceania,NZL,New Zealand
17,PAR,2004,Americas,PRY,Paraguay
12,POL,2004,Europe,POL,Poland
11,TUR,2004,Asia,TUR,Turkey
1,UAE,2004,Asia,ARE,United Arab Emirates
3,EST,2004,Europe,EST,Estonia
7,SUI,2004,Europe,CHE,Switzerland
1,IND,2004,Asia,IND,India
104,ITA,2004,Europe,ITA,Italy
30,ESP,2004,Europe,ESP,Spain
5,INA,2004,Asia,IDN,Indonesia
8,THA,2004,Asia,THA,Thailand
1,ERI,2004,Africa,ERI,Eritrea
1,TTO,2004,Americas,TTO,Trinidad
5,EGY,2004,Africa,EGY,Egypt
3,ZIM,2004,Africa,ZWE,Zimbabwe
4,GEO,2004,Asia,GEO,Georgia
1,DOM,2004,Americas,DOM,Dominican Republic
29,DEN,2004,Europe,DNK,Denmark
3,POR,2004,Europe,PRT,Portugal
57,GBR,2004,Europe,GBR,UK
13,CZE,2004,Europe,CZE,Czech Republic
2,ISR,2004,Asia,ISR,Israel
1,LAT,2006,Europe,LVA,Latvia
21,SUI,2006,Europe,CHE,Switzerland
41,FIN,2006,Europe,FIN,Finland
41,RUS,2006,Europe,RUS,Russia
30,AUT,2006,Europe,AUT,Austria
15,FRA,2006,Europe,FRA,France
1,SVK,2006,Europe,SVK,Slovakia
1,GBR,2006,Europe,GBR,UK
13,NED,2006,Europe,NLD,Netherlands
2,AUS,2006,Oceania,AUS,Australia
25,ITA,2006,Europe,ITA,Italy
54,GER,2006,Europe,DEU,Germany
69,CAN,2006,Americas,CAN,Canada
64,SWE,2006,Europe,SWE,Sweden
23,NOR,2006,Europe,NOR,Norway
2,POL,2006,Europe,POL,Poland
13,CHN,2006,Asia,CHN,China
1,JPN,2006,Asia,JPN,Japan
3,UKR,2006,Europe,UKR,Ukraine
27,CZE,2006,Europe,CZE,Czech Republic
3,CRO,2006,Europe,HRV,Croatia
3,EST,2006,Europe,EST,Estonia
1,BLR,2006,Europe,BLR,Belarus
19,KOR,2006,Asia,KOR,South Korea
52,USA,2006,Americas,USA,USA
1,BUL,2006,Europe,BGR,Bulgaria
1,TUN,2008,Africa,TUN,Tunisia
11,SUI,2008,Europe,CHE,Switzerland
31,UKR,2008,Europe,UKR,Ukraine
6,TTO,2008,Americas,TTO,Trinidad
6,UZB,2008,Asia,UZB,Uzbekistan
4,THA,2008,Asia,THA,Thailand
5,SLO,2008,Europe,SVN,Slovenia
2,TJK,2008,Asia,TJK,Tajikistan
10,SVK,2008,Europe,SVK,Slovakia
1,TOG,2008,Africa,TGO,Togo
1,VEN,2008,Americas,VEN,Venezuela
7,TUR,2008,Asia,TUR,Turkey
317,USA,2008,Americas,USA,USA
15,SRB,2008,Europe,SRB,Serbia
1,SUD,2008,Africa,SDN,Sudan
7,SWE,2008,Europe,SWE,Sweden
1,AFG,2008,Asia,AFG,Afghanistan
4,ZIM,2008,Africa,ZWE,Zimbabwe
2,DOM,2008,Americas,DOM,Dominican Republic
3,LAT,2008,Europe,LVA,Latvia
19,DEN,2008,Europe,DNK,Denmark
5,LTU,2008,Europe,LTU,Lithuania
2,MAR,2008,Africa,MAR,Morocco
7,CZE,2008,Europe,CZE,Czech Republic
1,MAS,2008,Asia,MYS,Malaysia
7,INA,2008,Asia,IDN,Indonesia
1,ECU,2008,Americas,ECU,Ecuador
1,MDA,2008,Europe,MDA,Moldova
5,CRO,2008,Europe,HRV,Croatia
2,COL,2008,Americas,COL,Colombia
1,CMR,2008,Africa,CMR,Cameroon
4,MGL,2008,Asia,MNG,Mongolia
184,CHN,2008,Asia,CHN,China
1,MRI,2008,Africa,MUS,Mauritius
61,NED,2008,Europe,NLD,Netherlands
1,CHI,2008,Americas,CHL,Chile
4,MEX,2008,Americas,MEX,Mexico
1,EGY,2008,Africa,EGY,Egypt
78,KOR,2008,Asia,KOR,South Korea
2,KGZ,2008,Asia,KGZ,Kyrgyzstan
3,IND,2008,Asia,IND,India
7,GRE,2008,Europe,GRC,Greece
99,GER,2008,Europe,DEU,Germany
6,GEO,2008,Asia,GEO,Georgia
3,IRL,2008,Europe,IRL,Ireland
14,ISL,2008,Europe,ISL,Iceland
1,ISR,2008,Asia,ISR,Israel
42,ITA,2008,Europe,ITA,Italy
81,GBR,2008,Europe,GBR,UK
14,JAM,2008,Americas,JAM,Jamaica
77,FRA,2008,Europe,FRA,France
51,JPN,2008,Asia,JPN,Japan
5,FIN,2008,Europe,FIN,Finland
13,KAZ,2008,Asia,KAZ,Kazakhstan
7,ETH,2008,Africa,ETH,Ethiopia
3,EST,2008,Europe,EST,Estonia
15,KEN,2008,Africa,KEN,Kenya
70,ESP,2008,Europe,ESP,Spain
35,CAN,2008,Americas,CAN,Canada
5,BUL,2008,Europe,BGR,Bulgaria
47,CUB,2008,Americas,CUB,Cuba
27,HUN,2008,Europe,HUN,Hungary
20,POL,2008,Europe,POL,Poland
2,ALG,2008,Africa,DZA,Algeria
29,BLR,2008,Europe,BLR,Belarus
1,RSA,2008,Africa,ZAF,South Africa
2,POR,2008,Europe,PRT,Portugal
5,BEL,2008,Europe,BEL,Belgium
142,RUS,2008,Europe,RUS,Russia
51,ARG,2008,Americas,ARG,Argentina
7,BAH,2008,Americas,BHS,Bahamas
23,NGR,2008,Africa,NGA,Nigeria
7,AZE,2008,Asia,AZE,Azerbaijan
6,ARM,2008,Asia,ARM,Armenia
3,AUT,2008,Europe,AUT,Austria
22,ROU,2008,Europe,ROU,Romania
6,PRK,2008,Asia,PRK,North Korea
1,PAN,2008,Americas,PAN,Panama
149,AUS,2008,Oceania,AUS,Australia
78,BRA,2008,Americas,BRA,Brazil
22,NOR,2008,Europe,NOR,Norway
15,NZL,2008,Oceania,NZL,New Zealand
1,GBR,2010,Europe,GBR,UK
18,KOR,2010,Asia,KOR,South Korea
5,ITA,2010,Europe,ITA,Italy
90,CAN,2010,Americas,CAN,Canada
18,SWE,2010,Europe,SWE,Sweden
26,AUT,2010,Europe,AUT,Austria
3,CRO,2010,Europe,HRV,Croatia
12,SUI,2010,Europe,CHE,Switzerland
11,NED,2010,Europe,NLD,Netherlands
1,KAZ,2010,Asia,KAZ,Kazakhstan
14,FRA,2010,Europe,FRA,France
47,FIN,2010,Europe,FIN,Finland
7,JPN,2010,Asia,JPN,Japan
39,NOR,2010,Europe,NOR,Norway
1,EST,2010,Europe,EST,Estonia
3,SLO,2010,Europe,SVN,Slovenia
19,CHN,2010,Asia,CHN,China
54,GER,2010,Europe,DEU,Germany
25,RUS,2010,Europe,RUS,Russia
3,BLR,2010,Europe,BLR,Belarus
3,SVK,2010,Europe,SVK,Slovakia
97,USA,2010,Americas,USA,USA
9,CZE,2010,Europe,CZE,Czech Republic
8,POL,2010,Europe,POL,Poland
3,LAT,2010,Europe,LVA,Latvia
3,AUS,2010,Oceania,AUS,Australia
1,GUA,2012,Americas,GTM,Guatemala
10,TTO,2012,Americas,TTO,Trinidad
94,GER,2012,Europe,DEU,Germany
3,ARM,2012,Asia,ARM,Armenia
1,HKG,2012,Asia,CHN,China
3,TUN,2012,Africa,TUN,Tunisia
82,FRA,2012,Europe,FRA,France
1,GAB,2012,Africa,GAB,Gabon
1,AFG,2012,Asia,AFG,Afghanistan
126,GBR,2012,Europe,GBR,UK
3,GRE,2012,Europe,GRC,Greece
19,ARG,2012,Americas,ARG,Argentina
7,GEO,2012,Asia,GEO,Georgia
1,ALG,2012,Africa,DZA,Algeria
2,BUL,2012,Europe,BGR,Bulgaria
5,TUR,2012,Asia,TUR,Turkey
1,BRN,2012,Asia,BHR,Bahrain
55,CAN,2012,Americas,CAN,Canada
59,BRA,2012,Americas,BRA,Brazil
125,CHN,2012,Asia,CHN,China
1,BOT,2012,Africa,BWA,Botswana
8,COL,2012,Americas,COL,Colombia
248,USA,2012,Americas,USA,USA
23,BLR,2012,Europe,BLR,Belarus
35,CRO,2012,Europe,HRV,Croatia
14,CUB,2012,Americas,CUB,Cuba
1,CYP,2012,Asia,CYP,Cyprus
14,CZE,2012,Europe,CZE,Czech Republic
3,UZB,2012,Asia,UZB,Uzbekistan
3,BEL,2012,Europe,BEL,Belgium
16,DEN,2012,Europe,DNK,Denmark
2,DOM,2012,Americas,DOM,Dominican Republic
4,BAH,2012,Americas,BHS,Bahamas
2,EGY,2012,Africa,EGY,Egypt
26,UKR,2012,Europe,UKR,Ukraine
10,AZE,2012,Asia,AZE,Azerbaijan
1,VEN,2012,Americas,VEN,Venezuela
2,EST,2012,Europe,EST,Estonia
1,UGA,2012,Africa,UGA,Uganda
7,ETH,2012,Africa,ETH,Ethiopia
114,AUS,2012,Oceania,AUS,Australia
5,FIN,2012,Europe,FIN,Finland
63,ESP,2012,Europe,ESP,Spain
1,GRN,2012,Americas,GRD,Grenada
2,POR,2012,Europe,PRT,Portugal
84,JPN,2012,Asia,JPN,Japan
2,PUR,2012,Americas,PRI,Puerto Rico
6,PRK,2012,Asia,PRK,North Korea
13,KAZ,2012,Asia,KAZ,Kazakhstan
4,SUI,2012,Europe,CHE,Switzerland
22,SWE,2012,Europe,SWE,Sweden
11,KEN,2012,Africa,KEN,Kenya
61,KOR,2012,Asia,KOR,South Korea
12,POL,2012,Europe,POL,Poland
4,KSA,2012,Asia,SAU,Saudi Arabia
1,KUW,2012,Asia,KWT,Kuwait
3,LAT,2012,Europe,LVA,Latvia
5,LTU,2012,Europe,LTU,Lithuania
1,MAR,2012,Africa,MAR,Morocco
27,NZL,2012,Oceania,NZL,New Zealand
2,MAS,2012,Asia,MYS,Malaysia
26,HUN,2012,Europe,HUN,Hungary
2,MDA,2012,Europe,MDA,Moldova
24,MEX,2012,Americas,MEX,Mexico
17,NOR,2012,Europe,NOR,Norway
5,SVK,2012,Europe,SVK,Slovakia
5,MGL,2012,Asia,MNG,Mongolia
14,MNE,2012,Europe,MNE,Montenegro
25,JAM,2012,Americas,JAM,Jamaica
68,ITA,2012,Europe,ITA,Italy
69,NED,2012,Europe,NLD,Netherlands
6,IND,2012,Asia,IND,India
16,SRB,2012,Europe,SRB,Serbia
2,QAT,2012,Asia,QAT,Qatar
3,THA,2012,Asia,THA,Thailand
5,IRL,2012,Europe,IRL,Ireland
1,TJK,2012,Asia,TJK,Tajikistan
5,SLO,2012,Europe,SVN,Slovenia
16,ROU,2012,Europe,ROU,Romania
2,INA,2012,Asia,IDN,Indonesia
140,RUS,2012,Europe,RUS,Russia
9,RSA,2012,Africa,ZAF,South Africa
36,NOR,2014,Europe,NOR,Norway
14,KOR,2014,Asia,KOR,South Korea
30,SUI,2014,Europe,CHE,Switzerland
86,CAN,2014,Americas,CAN,Canada
29,NED,2014,Europe,NLD,Netherlands
6,BLR,2014,Europe,BLR,Belarus
8,SLO,2014,Europe,SVN,Slovenia
11,LAT,2014,Europe,LVA,Latvia
36,GER,2014,Europe,DEU,Germany
64,USA,2014,Americas,USA,USA
5,UKR,2014,Europe,UKR,Ukraine
12,CHN,2014,Asia,CHN,China
1,SVK,2014,Europe,SVK,Slovakia
1,CRO,2014,Europe,HRV,Croatia
11,CZE,2014,Europe,CZE,Czech Republic
14,ITA,2014,Europe,ITA,Italy
68,RUS,2014,Europe,RUS,Russia
27,AUT,2014,Europe,AUT,Austria
18,FRA,2014,Europe,FRA,France
11,POL,2014,Europe,POL,Poland
10,GBR,2014,Europe,GBR,UK
51,SWE,2014,Europe,SWE,Sweden
33,FIN,2014,Europe,FIN,Finland
11,JPN,2014,Asia,JPN,Japan
1,KAZ,2014,Asia,KAZ,Kazakhstan
3,AUS,2014,Oceania,AUS,Australia
21,BEL,2016,Europe,BEL,Belgium
3,VEN,2016,Americas,VEN,Venezuela
23,RSA,2016,Africa,ZAF,South Africa
1,NIG,2016,Africa,NER,Niger
18,NGR,2016,Africa,NGA,Nigeria
1,PUR,2016,Americas,PRI,Puerto Rico
2,AUT,2016,Europe,AUT,Austria
2,BRN,2016,Asia,BHR,Bahrain
1,QAT,2016,Asia,QAT,Qatar
47,NED,2016,Europe,NLD,Netherlands
50,BRA,2016,Americas,BRA,Brazil
2,ALG,2016,Africa,DZA,Algeria
12,BLR,2016,Europe,BLR,Belarus
82,AUS,2016,Oceania,AUS,Australia
13,UZB,2016,Asia,UZB,Uzbekistan
4,ARM,2016,Asia,ARM,Armenia
1,PHI,2016,Asia,PHL,Philippines
36,NZL,2016,Oceania,NZL,New Zealand
16,POL,2016,Europe,POL,Poland
54,SRB,2016,Europe,SRB,Serbia
16,ROU,2016,Europe,ROU,Romania
1,BDI,2016,Africa,BDI,Burundi
264,USA,2016,Americas,USA,USA
1,POR,2016,Europe,PRT,Portugal
22,ARG,2016,Americas,ARG,Argentina
18,AZE,2016,Asia,AZE,Azerbaijan
19,NOR,2016,Europe,NOR,Norway
7,PRK,2016,Asia,PRK,North Korea
6,BAH,2016,Americas,BHS,Bahamas
4,SLO,2016,Europe,SVN,Slovenia
22,HUN,2016,Europe,HUN,Hungary
69,CAN,2016,Americas,CAN,Canada
8,TUR,2016,Asia,TUR,Turkey
1,JOR,2016,Asia,JOR,Jordan
1,FIN,2016,Europe,FIN,Finland
30,JAM,2016,Americas,JAM,Jamaica
72,ITA,2016,Europe,ITA,Italy
96,FRA,2016,Europe,FRA,France
2,ISR,2016,Asia,ISR,Israel
3,IRL,2016,Europe,IRL,Ireland
145,GBR,2016,Europe,GBR,UK
3,TUN,2016,Africa,TUN,Tunisia
7,GEO,2016,Asia,GEO,Georgia
2,IND,2016,Asia,IND,India
1,TTO,2016,Americas,TTO,Trinidad
6,THA,2016,Asia,THA,Thailand
159,GER,2016,Europe,DEU,Germany
7,GRE,2016,Europe,GRC,Greece
115,RUS,2016,Europe,RUS,Russia
1,GRN,2016,Americas,GRD,Grenada
1,TJK,2016,Asia,TJK,Tajikistan
4,INA,2016,Asia,IDN,Indonesia
64,JPN,2016,Asia,JPN,Japan
7,BUL,2016,Europe,BGR,Bulgaria
1,UAE,2016,Asia,ARE,United Arab Emirates
8,ETH,2016,Africa,ETH,Ethiopia
11,SUI,2016,Europe,CHE,Switzerland
2,MGL,2016,Asia,MNG,Mongolia
113,CHN,2016,Asia,CHN,China
2,CIV,2016,Africa,CIV,Ivory Coast
5,MEX,2016,Americas,MEX,Mexico
8,COL,2016,Americas,COL,Colombia
8,SVK,2016,Europe,SVK,Slovakia
24,CRO,2016,Europe,HRV,Croatia
11,CUB,2016,Americas,CUB,Cuba
1,MAR,2016,Africa,MAR,Morocco
7,LTU,2016,Europe,LTU,Lithuania
15,CZE,2016,Europe,CZE,Czech Republic
41,DEN,2016,Europe,DNK,Denmark
1,DOM,2016,Americas,DOM,Dominican Republic
26,KOR,2016,Asia,KOR,South Korea
15,UKR,2016,Europe,UKR,Ukraine
3,EGY,2016,Africa,EGY,Egypt
13,KEN,2016,Africa,KEN,Kenya
45,ESP,2016,Europe,ESP,Spain
28,SWE,2016,Europe,SWE,Sweden
18,KAZ,2016,Asia,KAZ,Kazakhstan
4,EST,2016,Europe,EST,Estonia
13,FIJ,2016,Oceania,FJI,Fiji
8,MAS,2016,Asia,MYS,Malaysia
